"CostItem","<5","5-64","65+","All ages"
"GPSpecialist","1.14
(0.373 - 2.69)","6.31
(2.07 - 14.9)","0.703
(0.231 - 1.67)","8.16
(2.68 - 19.3)"
"Hospitalisation","3.75
(1.04 - 11.7)","23
(6.31 - 71.4)","2.43
(0.665 - 7.69)","29.5
(8.38 - 89.2)"
"Tests","1.02
(0.326 - 2.48)","5.61
(1.81 - 13.7)","0.628
(0.202 - 1.53)","7.29
(2.38 - 17.6)"
"Medications","1.74
(0.451 - 6)","9.62
(2.5 - 33.2)","1.08
(0.28 - 3.69)","13.2
(3.77 - 40)"
"HumanCapital","44.4
(14.7 - 105)","289
(95.5 - 681)","13.3
(4.38 - 31.2)","347
(115 - 817)"
"WTP","15.5
(5.07 - 36.9)","85.9
(28.1 - 205)","9.58
(3.14 - 22.8)","111
(36.3 - 265)"
"Deaths","0.612
(0.00506 - 7.76)","0.661
(0.00519 - 8.43)","0.346
(0.00281 - 4.46)","2.86
(0.315 - 16.3)"
"WTPOngoing","5.26
(1.67 - 13.3)","29.3
(9.22 - 73.8)","3.26
(1.03 - 8.2)","38
(12.1 - 94.2)"
"TotalHumanCapital","75.3
(24.8 - 178)","456
(151 - 1,080)","32.4
(10.6 - 77)","564
(186 - 1,330)"
