"CostItem","<5","5-64","65+","All ages"
"GPSpecialist","5.47
(1.85 - 12.6)","30.3
(10.3 - 70)","3.38
(1.15 - 7.81)","39.2
(13.3 - 90.4)"
"Hospitalisation","0.0528
(0.0138 - 0.188)","27.6
(7.1 - 99.8)","2.67
(0.678 - 9.66)","31
(8.26 - 107)"
"Tests","4.46
(1.51 - 10.3)","28.8
(9.76 - 66.7)","3.67
(1.25 - 8.49)","36.9
(12.5 - 85.4)"
"Medications","0.684
(0.232 - 1.58)","3.79
(1.29 - 8.75)","0.423
(0.144 - 0.975)","4.9
(1.66 - 11.3)"
"HumanCapital","24.2
(8.22 - 55.7)","157
(53.4 - 362)","7.15
(2.43 - 16.5)","188
(64.1 - 434)"
"WTP","11.8
(3.92 - 28.5)","65.6
(21.7 - 158)","7.32
(2.42 - 17.6)","84.8
(28.1 - 204)"
"Deaths","0.183
(0.00142 - 2.46)","0.187
(0.00145 - 2.54)","4.62
(1.08 - 18.6)","5.67
(1.38 - 21.1)"
"WTPOngoing","15.2
(3.93 - 45.6)","83.9
(21.7 - 254)","9.38
(2.41 - 28.2)","110
(29.8 - 319)"
"TotalHumanCapital","63.4
(21.1 - 151)","409
(137 - 970)","40.8
(13.5 - 99.2)","514
(172 - 1,220)"
