"CostItem","<5","5-64","65+","All Ages"
"GPSpecialist","5.46
(1.87 - 12.6)","30.3
(10.4 - 69.8)","3.38
(1.15 - 7.78)","39.1
(13.4 - 90.2)"
"Hospitalisation","0.053
(0.0138 - 0.189)","27.8
(7.2 - 99.8)","2.67
(0.681 - 9.62)","31.2
(8.36 - 107)"
"Tests","4.45
(1.52 - 10.3)","28.7
(9.81 - 66.4)","3.67
(1.25 - 8.48)","36.9
(12.6 - 85.2)"
"Medications","0.683
(0.234 - 1.57)","3.79
(1.3 - 8.71)","0.422
(0.145 - 0.974)","4.89
(1.67 - 11.3)"
"HumanCapital","24.1
(8.26 - 55.5)","157
(53.7 - 361)","7.14
(2.45 - 16.4)","188
(64.4 - 433)"
"WTP","11.9
(3.93 - 28.3)","65.8
(21.8 - 157)","7.33
(2.43 - 17.5)","85
(28.2 - 203)"
"Deaths","0.183
(0.00144 - 2.43)","0.185
(0.00151 - 2.53)","4.64
(1.08 - 18.4)","5.67
(1.38 - 20.9)"
"WTPOngoing","15.2
(3.91 - 45)","84.1
(21.6 - 249)","9.4
(2.42 - 28)","110
(29.5 - 315)"
"TotalHumanCapital","63.3
(21.3 - 150)","409
(138 - 963)","40.7
(13.5 - 98.5)","515
(173 - 1,210)"
