"CostItem","<5","5-64","65+","All Ages"
"GPSpecialist","1.14
(0.378 - 2.69)","6.31
(2.1 - 14.9)","0.705
(0.234 - 1.66)","8.16
(2.72 - 19.2)"
"Hospitalisation","3.77
(1.04 - 11.7)","23
(6.36 - 71.6)","2.43
(0.668 - 7.67)","29.6
(8.39 - 89.4)"
"Tests","1.02
(0.331 - 2.48)","5.63
(1.83 - 13.7)","0.627
(0.204 - 1.53)","7.31
(2.4 - 17.5)"
"Medications","1.73
(0.454 - 5.97)","9.63
(2.56 - 33.2)","1.08
(0.281 - 3.69)","13.2
(3.82 - 39.9)"
"HumanCapital","44.4
(14.8 - 104)","290
(96.7 - 680)","13.3
(4.43 - 31.2)","347
(116 - 816)"
"WTP","15.5
(5.15 - 36.8)","85.9
(28.5 - 204)","9.58
(3.18 - 22.8)","111
(36.8 - 264)"
"Deaths","0.612
(0.00465 - 7.63)","0.664
(0.00519 - 8.33)","0.346
(0.0028 - 4.45)","2.85
(0.311 - 16.2)"
"WTPOngoing","5.27
(1.69 - 13.3)","29.3
(9.33 - 73.5)","3.26
(1.04 - 8.21)","38
(12.3 - 93.9)"
"TotalHumanCapital","75.4
(25.1 - 178)","456
(152 - 1,080)","32.4
(10.7 - 77.1)","564
(188 - 1,330)"
