"","median","5%","95%"
"1",2347374265.64113,1495592920.30614,3522188284.751
